age_group,zone,vehicle_class,bonus_class,gender,vehicle_age_group,predicted_frequency,predicted_severity,base_pure_premium
<25,1,1,1,Female,0-2,0.13467518439224024,20763.111626735903,2796.275886887325
<25,1,2,1,Female,0-2,0.170994965281648,28038.57543157506,4794.455232469047
<25,1,3,1,Female,0-2,0.09986281720421954,31163.03943542659,3112.0289106678906
<25,1,4,1,Female,0-2,0.11195499923419293,24961.291933143893,2794.541419259591
<25,1,5,1,Female,0-2,0.16808732322029593,28701.407459947895,4824.342752597675
<25,1,6,1,Female,0-2,0.2647636284964503,36895.87644162946,9768.686123242514
<25,1,7,1,Female,0-2,0.16778268611469596,30484.879175940026,5114.834914021177
<25,2,1,1,Female,0-2,0.07887083408299485,24392.021191780474,1923.819056365812
<25,2,2,1,Female,0-2,0.10014105862648737,32939.067053594146,3298.55304491577
<25,2,3,1,Female,0-2,0.05848340748385312,36609.61478097652,2141.055019062742
<25,2,4,1,Female,0-2,0.06556504235884018,29323.94588793053,1922.6257542705027
<25,2,5,1,Female,0-2,0.09843823448981699,33717.74672229286,3319.115458317323
<25,2,6,1,Female,0-2,0.15505550119416364,43344.41851647552,6720.790537041698
<25,2,7,1,Female,0-2,0.098259827586424,35812.92786245514,3518.972117129882
<25,3,1,1,Female,0-2,0.04843555464824032,15700.250285842865,760.4503307109928
<25,3,2,1,Female,0-2,0.06149786260066505,21201.67053224177,1303.8574212963733
<25,3,3,1,Female,0-2,0.0359153838314767,23564.26761072636,846.3197159468717
<25,3,4,1,Female,0-2,0.04026430339057992,18874.749500634392,759.97864031474
<25,3,5,1,Female,0-2,0.0604521372385971,21702.878103149695,1311.9853655641493
<25,3,6,1,Female,0-2,0.09522150093781577,27899.214003319536,2656.605032381414
<25,3,7,1,Female,0-2,0.06034257535276969,23051.469432916583,1390.985031247836
<25,4,1,1,Female,0-2,0.030971192671924615,16070.222625934572,497.71396122854196
<25,4,2,1,Female,0-2,0.03932363664149639,21701.282418540162,853.3733444811674
<25,4,3,1,Female,0-2,0.022965407965472792,24119.55348654128,553.9153857634622
<25,4,4,1,Female,0-2,0.025746241726082583,19319.52809424008,497.40524034814865
<25,4,5,1,Female,0-2,0.038654967480882145,22214.300816314186,858.6930756651585
<25,4,6,1,Female,0-2,0.060887574705662736,28556.651770463548,1738.7452680176953
<25,4,7,1,Female,0-2,0.03858491022025813,23594.671352209476,910.3982758014992
<25,5,1,1,Female,0-2,0.025078952788243906,15619.775739582701,391.7276183359521
<25,5,2,1,Female,0-2,0.031842352254265384,21092.997435636542,671.6506544438552
<25,5,3,1,Female,0-2,0.01859626099097404,23443.484584379563,435.9611578689989
<25,5,4,1,Female,0-2,0.020848043779355556,18778.003469572235,391.4846384225325
<25,5,5,1,Female,0-2,0.03130089676407365,21591.635974133096,675.8375685937989
<25,5,6,1,Female,0-2,0.04930377165675676,27756.21140482231,1368.485909160027
<25,5,7,1,Female,0-2,0.031244167830503846,22933.314848787646,716.5323380453071
<25,6,1,1,Female,0-2,0.034549206201874176,12941.449418158822,447.1168044990937
<25,6,2,1,Female,0-2,0.0438665841940987,17476.176607253696,766.6201725330325
<25,6,3,1,Female,0-2,0.025618536028434367,19423.625216672903,497.604842416141
<25,6,4,1,Female,0-2,0.028720631579812125,15558.135156809383,446.83946790764486
<25,6,5,1,Female,0-2,0.04312066559304212,17889.313487800882,771.3991045965598
<25,6,6,1,Female,0-2,0.0679217425018601,22996.847837255023,1561.985977156494
<25,6,7,1,Female,0-2,0.04304251481696847,19000.934395888133,817.8480002712607
<25,7,1,1,Female,0-2,0.02140692187062332,407.0287330186237,8.713232286828475
<25,7,2,1,Female,0-2,0.027180032301965033,549.652963328755,14.939585298146364
<25,7,3,1,Female,0-2,0.015873418219683837,610.9032541190999,9.697122844398265
<25,7,4,1,Female,0-2,0.017795497607428188,489.32757347280005,8.707827662983854
<25,7,5,1,Female,0-2,0.02671785609098752,562.6467614435496,15.032715202308944
<25,7,6,1,Female,0-2,0.042084771110458684,723.2866687626154,30.439353902120814
<25,7,7,1,Female,0-2,0.026669433341481735,597.6089697091008,15.937892581928443
25-34,1,1,1,Female,0-2,0.06933355606286916,36452.16984247889,2527.3585613867385
25-34,1,2,1,Female,0-2,0.08803172659703903,49225.13215489587,4333.373375562908
25-34,1,3,1,Female,0-2,0.05141143311940214,54710.509037831434,2812.745676326917
25-34,1,4,1,Female,0-2,0.05763673724266039,43822.586392254576,2525.7908971841616
25-34,1,5,1,Female,0-2,0.08653481263489168,50388.81446367706,4360.386618508614
25-34,1,6,1,Female,0-2,0.13630576384660958,64775.20222959124,8829.233418223042
25-34,1,7,1,Female,0-2,0.0863779791845774,53519.916153507096,4622.942203467964
25-34,2,1,1,Female,0-2,0.04060432826801945,42823.16231152987,1738.8057399720374
25-34,2,2,1,Female,0-2,0.051554677528807435,57828.541707800396,2981.3318197068406
25-34,2,3,1,Female,0-2,0.030108461553834592,64272.635039224675,1935.1501610421383
25-34,2,4,1,Female,0-2,0.03375423290241257,51481.75645225021,1737.7271975145345
25-34,2,5,1,Female,0-2,0.05067802862516692,59195.60865068292,2999.9167496834875
25-34,2,6,1,Female,0-2,0.07982576250715157,76096.40278827686,6074.4533766255345
25-34,2,7,1,Female,0-2,0.05058618108031876,62873.95417735292,3180.5532312512387
25-34,3,1,1,Female,0-2,0.024935620164878925,27563.70048369968,687.3179656000246
25-34,3,2,1,Female,0-2,0.0316603650747666,37222.11338450777,1178.4656986078721
25-34,3,3,1,Female,0-2,0.01848997860768945,41369.94014200441,764.9293082270547
25-34,3,4,1,Female,0-2,0.02072889188205928,33136.92026995712,686.8916375803597
25-34,3,5,1,Female,0-2,0.031122004141054156,38102.04428453463,1185.8119800059158
25-34,3,6,1,Female,0-2,0.049021988003626574,48980.466203877186,2401.1198266585043
25-34,3,7,1,Female,0-2,0.03106559942783509,40469.660520699195,1257.2142627165133
25-34,4,1,1,Female,0-2,0.015944607264829814,28213.231961470934,449.84890329719815
25-34,4,2,1,Female,0-2,0.02024461728404495,38099.242865968576,771.3045906334137
25-34,4,3,1,Female,0-2,0.011823064567287241,42344.81208895635,500.64544741737626
25-34,4,4,1,Female,0-2,0.013254695006947263,33917.78323153449,449.5698720457398
25-34,4,5,1,Female,0-2,0.019900372641320472,38999.90911022722,776.1127242711508
25-34,4,6,1,Female,0-2,0.03134617630885859,50134.67823045697,1571.5304629997986
25-34,4,7,1,Female,0-2,0.019864305722021226,41423.31761106178,822.8454450465172
25-34,5,1,1,Female,0-2,0.012911160931307735,27422.417622006946,354.05524704326086
25-34,5,2,1,Female,0-2,0.016393098143193955,37031.324535226646,607.0581374784367
25-34,5,3,1,Female,0-2,0.009573737803263298,41157.89083698544,394.03485540863164
25-34,5,4,1,Female,0-2,0.010733001916427185,32967.07083605429,353.8356344623615
25-34,5,5,1,Female,0-2,0.016114345715609237,37906.74518614087,610.8423968829802
25-34,5,6,1,Female,0-2,0.025382596145690575,48729.40773527923,1236.8788769632831
25-34,5,7,1,Female,0-2,0.016085140493327203,40262.225765939795,647.6235580192001
25-34,6,1,1,Female,0-2,0.017786642252878855,22720.289746510225,404.117665602929
25-34,6,2,1,Female,0-2,0.022583420161876203,30681.55531488205,692.8944548958273
25-34,6,3,1,Female,0-2,0.013188949486067547,34100.53840114734,449.7502784204389
25-34,6,4,1,Female,0-2,0.014785972106043398,27314.200075772256,403.86700041925707
25-34,6,5,1,Female,0-2,0.02219940591769245,31406.86739760987,697.2137979626826
25-34,6,6,1,Female,0-2,0.03496751062857146,40373.76566072269,1411.770079856774
25-34,6,7,1,Female,0-2,0.022159172290103887,33358.45321338276,739.1957120867182
25-34,7,1,1,Female,0-2,0.011020723857541201,714.5884862295254,7.875282378513982
25-34,7,2,1,Female,0-2,0.013992839897737456,964.9826834183137,13.502848193161533
25-34,7,3,1,Female,0-2,0.008171962318153923,1072.5150245687555,8.764552366429799
25-34,7,4,1,Female,0-2,0.009161488336542924,859.0741184414022,7.870397516326801
25-34,7,5,1,Female,0-2,0.013754902074378664,987.7948776738929,13.587021811977248
25-34,7,6,1,Female,0-2,0.021666106123023277,1269.817788803192,27.512006969112715
25-34,7,7,1,Female,0-2,0.013729973046564604,1049.1752900453666,14.405148453444484
35-44,1,1,1,Female,0-2,0.024744530952591708,44270.403541381675,1095.4503707134445
35-44,1,2,1,Female,0-2,0.031417742104779905,59782.90110827839,1878.2437692954513
35-44,1,3,1,Female,0-2,0.018348284299547584,66444.77745839718,1219.147667026842
35-44,1,4,1,Female,0-2,0.020570040103152706,53221.6214342164,1094.770887256643
35-44,1,5,1,Female,0-2,0.030883506794014443,61196.16911471886,1889.9523046220768
35-44,1,6,1,Female,0-2,0.04864631765693271,78668.13840082765,3826.9152501262083
35-44,1,7,1,Female,0-2,0.030827534327202206,64998.827116612214,2003.7535741652446
35-44,2,1,1,Female,0-2,0.014491324471027335,52007.84163581612,753.6625081824164
35-44,2,2,1,Female,0-2,0.01839940695823685,70231.56340697683,1292.219116438182
35-44,2,3,1,Female,0-2,0.010745442772013896,78057.78098121929,838.7654184440865
35-44,2,4,1,Female,0-2,0.012046586216887221,62523.524470807126,753.1950281212361
35-44,2,5,1,Female,0-2,0.018086538743154697,71891.83782935061,1300.2745102171443
35-44,2,6,1,Female,0-2,0.028489106333755048,92417.501455805,2632.8920260743907
35-44,2,7,1,Female,0-2,0.018053759169374375,76359.11211052527,1378.5690204306813
35-44,3,1,1,Female,0-2,0.008899301579633747,33475.542026174815,297.9089440326334
35-44,3,2,1,Female,0-2,0.01129930336837963,45205.48398945917,510.7904775113275
35-44,3,3,1,Female,0-2,0.006598909300943146,50242.93347923226,331.54856104277354
35-44,3,4,1,Female,0-2,0.007397957582378141,40244.10175879488,297.72415775247407
35-44,3,5,1,Female,0-2,0.011107167128088792,46274.14180053206,513.9746266873892
35-44,3,6,1,Female,0-2,0.01749551253960477,59485.75938993252,1040.7338493344766
35-44,3,7,1,Female,0-2,0.011087036786427742,49149.56256859804,544.9230082348785
35-44,4,1,1,Female,0-2,0.005690488854109021,34264.38452191706,194.9810982148747
35-44,4,2,1,Female,0-2,0.00722512427538241,46270.73953583982,334.3118434602929
35-44,4,3,1,Female,0-2,0.004219546836375304,51426.89522085781,216.99819303377484
35-44,4,4,1,Female,0-2,0.004730483037234781,41192.44361523114,194.86015578410107
35-44,4,5,1,Female,0-2,0.007102266416924441,47364.57999202483,336.39586582908925
35-44,4,6,1,Female,0-2,0.011187172185667496,60887.525935238424,681.1592365968075
35-44,4,7,1,Female,0-2,0.00708939445345331,50307.759307307664,356.6515497988911
35-44,5,1,1,Female,0-2,0.00460787877386447,33303.95692362402,153.46059619406378
35-44,5,2,1,Female,0-2,0.005850551269075499,44973.77489270655,263.12137577364007
35-44,5,3,1,Female,0-2,0.00341678207288309,49985.40400034448,170.78923229419573
35-44,5,4,1,Female,0-2,0.003830513148560236,40037.823147325405,153.36540800555935
35-44,5,5,1,Female,0-2,0.005751067001079413,46036.95509986308,264.7616133049971
35-44,5,6,1,Female,0-2,0.009058823341105639,59180.854091692614,536.1089023923922
35-44,5,7,1,Female,0-2,0.005740643916388938,48897.63736520431,280.70392446635253
35-44,6,1,1,Female,0-2,0.006347894796712135,27593.320233106955,175.1594939317513
35-44,6,2,1,Female,0-2,0.008059822269958503,37262.111993239945,300.3260000688031
35-44,6,3,1,Female,0-2,0.004707019044201924,41414.39597480251,194.93835055751492
35-44,6,4,1,Female,0-2,0.005276982246668394,33172.528960274496,175.0508464004617
35-44,6,5,1,Female,0-2,0.007922770993620902,38142.988460527275,302.1981625850823
35-44,6,6,1,Female,0-2,0.012479594271772011,49033.1002518951,611.9131970307728
35-44,6,7,1,Female,0-2,0.007908411968933092,40513.14891965091,320.394671815336
35-44,7,1,1,Female,0-2,0.0039331985563471885,867.8528819576804,3.4134377024376956
35-44,7,2,1,Female,0-2,0.00499392039909594,1171.9514363611604,5.852632184793786
35-44,7,3,1,Female,0-2,0.0029165008403955893,1302.547232360443,3.7988800978341812
35-44,7,4,1,Female,0-2,0.003269653896157204,1043.3276828156932,3.4113204230869987
35-44,7,5,1,Female,0-2,0.004909002501194451,1199.656372712631,5.889116134220169
35-44,7,6,1,Female,0-2,0.0077324410289464065,1542.1673435975467,11.92471804113496
35-44,7,7,1,Female,0-2,0.00490010555236633,1274.2016093052403,6.243722380590721
45-54,1,1,1,Female,0-2,0.020035051687759892,23152.65715124325,463.8646827341422
45-54,1,2,1,Female,0-2,0.025438190288915034,31265.425705298436,795.3358485553172
45-54,1,3,1,Female,0-2,0.014856164581476804,34749.472083463945,516.243876391374
45-54,1,4,1,Female,0-2,0.01665506682973893,27833.989652880715,463.5769578069902
45-54,1,5,1,Female,0-2,0.025005632804389687,32004.540486245747,800.2937874722845
45-54,1,6,1,Female,0-2,0.039387753622937526,41142.07893809667,1620.4940687491987
45-54,1,7,1,Female,0-2,0.024960313243965485,33993.26500507629,848.4825427118342
45-54,2,1,1,Female,0-2,0.011733276955517447,27199.203762501416,319.13579071498134
45-54,2,2,1,Female,0-2,0.01489755736888576,36729.895792289106,547.1857297188226
45-54,2,3,1,Female,0-2,0.008700326619956225,40822.87253956669,355.17232465907205
45-54,2,4,1,Female,0-2,0.0097538311790514,32698.724433510906,318.9378378947885
45-54,2,5,1,Female,0-2,0.014644235498584896,37598.19066658965,550.5967584422355
45-54,2,6,1,Female,0-2,0.023066944329170537,48332.75856590471,1114.8890511149643
45-54,2,7,1,Female,0-2,0.014617694665935866,39934.49803130395,583.750298859018
45-54,3,1,1,Female,0-2,0.00720555049010742,17507.130847804096,126.14851526076953
45-54,3,2,1,Female,0-2,0.009148774226308559,23641.688090455955,216.29246666838944
45-54,3,3,1,Female,0-2,0.005342978178917067,26276.187250699688,140.39309510562728
45-54,3,4,1,Female,0-2,0.005989948357912885,21046.970794159643,126.070268147517
45-54,3,5,1,Female,0-2,0.008993206132789469,24200.577685592372,217.6407836591173
45-54,3,6,1,Female,0-2,0.014165695793806075,31110.025713885105,440.6951604003811
45-54,3,7,1,Female,0-2,0.008976907079214998,25704.37313092565,230.74576912579028
45-54,4,1,1,Female,0-2,0.004607451987638288,17919.68186133124,82.5640738098364
45-54,4,2,1,Female,0-2,0.005850009385310811,24198.798359865606,141.56319751845766
45-54,4,3,1,Female,0-2,0.0034164656071950512,26895.37881190658,91.88713670336132
45-54,4,4,1,Female,0-2,0.0038301583626964486,21542.937221113938,82.51286115449415
45-54,4,5,1,Female,0-2,0.005750534331644655,24770.858043860542,142.4456696055162
45-54,4,6,1,Female,0-2,0.009057984304052556,31843.125429120773,288.43453032895275
45-54,4,7,1,Female,0-2,0.00574011221235045,26310.09004019142,151.0228691477427
45-54,5,1,1,Female,0-2,0.0037308886388746423,17417.39479992948,64.98236037785117
45-54,5,2,1,Female,0-2,0.004737050676062212,23520.508231073796,111.41783941733495
45-54,5,3,1,Female,0-2,0.0027664862820466667,26141.503777000344,72.32011159114258
45-54,5,4,1,Female,0-2,0.003101474385151362,20939.090639768878,64.94205326760581
45-54,5,5,1,Female,0-2,0.004656500656535097,24076.533133879882,112.1123923450007
45-54,5,6,1,Female,0-2,0.007334711424397709,30950.565504150458,227.01346639486198
45-54,5,7,1,Female,0-2,0.004648061335502112,25572.62059660601,118.86310904254937
45-54,6,1,1,Female,0-2,0.0051397377709141425,14430.830349771193,74.17068381437315
45-54,6,2,1,Female,0-2,0.006525844279778673,19487.44160202404,127.1720093060895
45-54,6,3,1,Female,0-2,0.003811160131769574,21659.01447530616,82.54597246170694
45-54,6,4,1,Female,0-2,0.00427264563106698,17348.660242931972,74.12467739182871
45-54,6,5,1,Female,0-2,0.006414877156960378,19948.124794591688,127.96477006902116
45-54,6,6,1,Female,0-2,0.010104427388672609,25643.465348886974,259.1125336117705
45-54,6,7,1,Female,0-2,0.006403250999957958,21187.677816786934,135.67001916712798
45-54,7,1,1,Female,0-2,0.003184616290590265,453.87208216664584,1.4454084267120235
45-54,7,2,1,Female,0-2,0.0040434572597936565,612.9103787954803,2.4782769207434647
45-54,7,3,1,Female,0-2,0.0023614205982191287,681.2097266281414,1.6086226801669148
45-54,7,4,1,Female,0-2,0.0026473601353002806,545.6423751379002,1.444511872070638
45-54,7,5,1,Female,0-2,0.003974701279858863,627.3995824491816,2.4937259233436784
45-54,7,6,1,Female,0-2,0.006260771561372862,806.5269100784706,5.049480742101216
45-54,7,7,1,Female,0-2,0.00396749763433508,666.3854548836556,2.6438827158062095
55-64,1,1,1,Female,0-2,0.022450950484770187,16972.13184753769,381.04049173005984
55-64,1,2,1,Female,0-2,0.028505619027052724,22919.223649939668,653.326657760997
55-64,1,3,1,Female,0-2,0.016647574491464895,25473.215362721796,424.067250288039
55-64,1,4,1,Female,0-2,0.018663394861289477,20403.79811033155,380.8041408031498
55-64,1,5,1,Female,0-2,0.02802090220085016,23461.034182992375,657.3993443724319
55-64,1,6,1,Female,0-2,0.04413727102262196,30159.336945983516,1331.15082864745
55-64,1,7,1,Female,0-2,0.02797011784436672,24918.87526453798,696.9838776982023
55-64,2,1,1,Female,0-2,0.013148117811612719,19938.46621533152,262.1533027820388
55-64,2,2,1,Female,0-2,0.01669395857047942,26924.9715080576,449.48435886685235
55-64,2,3,1,Female,0-2,0.009749443385030017,29925.34164051865,291.75542410191787
55-64,2,4,1,Female,0-2,0.01092998332375028,23969.9080199116,261.9906949294619
55-64,2,5,1,Female,0-2,0.01641009023535011,27561.477935501447,452.2863399411898
55-64,2,6,1,Female,0-2,0.025848439676626634,35430.488413365216,915.8228424662897
55-64,2,7,1,Female,0-2,0.016380349013370033,29274.11577103278,479.5202333873169
55-64,3,1,1,Female,0-2,0.008074421757930628,12833.6601315357,103.6243845999587
55-64,3,2,1,Female,0-2,0.010251966421263605,17330.617593844243,177.67290963185144
55-64,3,3,1,Female,0-2,0.0059872537593381545,19261.84591065465,115.32555934035932
55-64,3,4,1,Female,0-2,0.006712237936076361,15428.551503885199,103.56010870308621
55-64,3,5,1,Female,0-2,0.010077639365908865,17740.31345876845,178.7804812756478
55-64,3,6,1,Female,0-2,0.01587384648692247,22805.307172615092,362.0079451452039
55-64,3,7,1,Female,0-2,0.01005937491366527,18842.67568022745,189.5455390440107
55-64,4,1,1,Female,0-2,0.005163035166942908,13136.08201554144,67.82205340208674
55-64,4,2,1,Female,0-2,0.006555424617411543,17739.00911816352,116.28673706169697
55-64,4,3,1,Female,0-2,0.0038284353529727533,19715.74633111338,75.48046026427731
55-64,4,4,1,Female,0-2,0.004292012673082401,15792.121332403498,67.77998489353075
55-64,4,5,1,Female,0-2,0.006443954502977392,18158.35936025448,117.01164156619353
55-64,4,6,1,Female,0-2,0.010150228722711473,23342.708341867234,236.9338286774975
55-64,4,7,1,Female,0-2,0.0064322756469471125,19286.698462545097,124.05736083064114
55-64,5,1,1,Female,0-2,0.004180772647905837,12767.878825050833,53.37959856354863
55-64,5,2,1,Female,0-2,0.005308261332666964,17241.786297407514,91.52390750863542
55-64,5,3,1,Female,0-2,0.003100079176385204,19163.115745111347,59.40717607607912
55-64,5,4,1,Female,0-2,0.0034754613532320612,15349.469600149825,53.346488387931096
55-64,5,5,1,Female,0-2,0.005217998301249115,17649.382190150758,92.09444628630304
55-64,5,6,1,Female,0-2,0.008219157383548678,22688.414338830476,186.47964823401023
55-64,5,7,1,Female,0-2,0.0052085413364461545,18746.094049483607,97.63980575364265
55-64,6,1,1,Female,0-2,0.005759505889869677,10578.567883842798,60.927324033378795
55-64,6,2,1,Female,0-2,0.007312754121125658,14285.333475124813,104.4651312418733
55-64,6,3,1,Female,0-2,0.004270723566945577,15877.212147240913,67.80718409461636
55-64,6,4,1,Female,0-2,0.004787856652281976,12717.492730866343,60.88953217182609
55-64,6,5,1,Female,0-2,0.007188406182390219,14623.038812059882,105.11634260194337
55-64,6,6,1,Female,0-2,0.01132285568889435,18798.027029295128,212.84734728864407
55-64,6,7,1,Female,0-2,0.0071753781014420185,15531.697251878822,111.44580033935848
55-64,7,1,1,Female,0-2,0.0035686288095136253,332.7124299439267,1.1873271627811806
55-64,7,2,1,Female,0-2,0.0045310319205401515,449.2959789318425,2.0357744223105136
55-64,7,3,1,Female,0-2,0.0026461692113688654,499.36304159961566,1.321399105976413
55-64,7,4,1,Female,0-2,0.00296658836918761,399.98494652035146,1.1865906901974028
55-64,7,5,1,Female,0-2,0.004453985096548629,459.9173375590633,2.048464967132393
55-64,7,6,1,Female,0-2,0.007015717978242731,591.2272171189618,4.147883416367919
55-64,7,7,1,Female,0-2,0.004445912809464733,488.4960602009976,2.1718108914206704
65+,1,1,1,Female,0-2,0.013306844937300534,13344.157732757474,177.56863776868357
65+,1,2,1,Female,0-2,0.016895491907661972,18019.99526308837,304.45668414361666
65+,1,3,1,Female,0-2,0.009867140925296586,20028.04402029058,197.61953280625076
65+,1,4,1,Female,0-2,0.011061932615782206,16042.268748407358,177.45849589915093
65+,1,5,1,Female,0-2,0.01660819664819608,18445.988018699307,306.35459638482683
65+,1,6,1,Female,0-2,0.02616048803154494,23712.457158466605,620.3294516925878
65+,1,7,1,Female,0-2,0.01657809638329085,19592.200027667444,324.80138041938454
65+,2,1,1,Female,0-2,0.007792986985347253,15676.406506660529,122.1660318834185
65+,2,2,1,Female,0-2,0.009894633113096138,21169.471813032607,209.46415678798778
65+,2,3,1,Female,0-2,0.00577856743471023,23528.480844065052,135.96091319371777
65+,2,4,1,Female,0-2,0.006478282215939531,18846.084648098833,122.09025501586969
65+,2,5,1,Female,0-2,0.009726382244575546,21669.918206097653,210.76990768119256
65+,2,6,1,Female,0-2,0.015320561990520926,27856.84380628798,426.78250239449386
65+,2,7,1,Female,0-2,0.009708754401629514,23016.461446611906,223.46117137972936
65+,3,1,1,Female,0-2,0.004785769687748179,10090.328464462125,48.28998810464547
65+,3,2,1,Female,0-2,0.006076416566982736,13626.013329133504,82.79733313507441
65+,3,3,1,Female,0-2,0.0035486897282958414,15144.42100525727,53.74285126234426
65+,3,4,1,Female,0-2,0.003978393229196442,12130.534142986058,48.260034900992004
65+,3,5,1,Female,0-2,0.005973091627775581,13948.13233534428,83.31347247535079
65+,3,6,1,Female,0-2,0.009408546595979558,17930.429647204954,168.69928282166111
65+,3,7,1,Female,0-2,0.005962266151409442,14814.852880171771,88.33009586555883
65+,4,1,1,Female,0-2,0.003060169252920702,10328.104446776066,31.605747668977692
65+,4,2,1,Female,0-2,0.0038854488116764913,13947.106811448628,54.19076958686817
65+,4,3,1,Female,0-2,0.002269142040513896,15501.295372011878,35.17464101105565
65+,4,4,1,Female,0-2,0.002543907757864395,12416.387044801882,31.58614332791848
65+,4,5,1,Female,0-2,0.0038193796477484607,14276.81646878573,54.52858225552026
65+,4,6,1,Female,0-2,0.006016115878162038,18352.95558753397,110.4135075213658
65+,4,7,1,Female,0-2,0.0038124575031227613,15163.961059239075,57.81195711735739
65+,5,1,1,Female,0-2,0.0024779749695465867,10038.608613503711,24.87542087333696
65+,5,2,1,Female,0-2,0.0031462458789165435,13556.170669301147,42.65104610217806
65+,5,3,1,Female,0-2,0.001837439930282512,15066.795465117319,27.684331609006033
65+,5,4,1,Female,0-2,0.002059931731817416,12068.356839231195,24.859991204028077
65+,5,5,1,Female,0-2,0.0030927463104478145,13876.638594771513,42.91692281539734
65+,5,6,1,Female,0-2,0.004871555566983408,17838.52390278445,86.90136042537618
65+,5,7,1,Female,0-2,0.0030871410972388743,14738.916602613319,45.50111517270394
65+,6,1,1,Female,0-2,0.0034137018761835917,8317.28622525169,28.392735591897637
65+,6,2,1,Female,0-2,0.0043343236278764906,11231.691155213473,48.68178435505315
65+,6,3,1,Female,0-2,0.0025312895466929513,12483.288790852368,31.59881842463389
65+,6,4,1,Female,0-2,0.002837798163474559,9998.993084094955,28.375124210639477
65+,6,5,1,Female,0-2,0.004260621681932246,11497.208376251874,48.985255289551766
65+,6,6,1,Female,0-2,0.0067111405818545515,14779.74835435567,99.18896897051437
65+,6,7,1,Female,0-2,0.004252899841686511,12211.631387754958,51.934845195717095
65+,7,1,1,Female,0-2,0.0021151527744535624,261.5916011437831,0.5533062009330225
65+,7,2,1,Female,0-2,0.002685576239343971,353.254173690031,0.9486910153110354
65+,7,3,1,Female,0-2,0.0015684041260271289,392.61886796982157,0.6157850524799687
65+,7,4,1,Female,0-2,0.0017583189383611026,314.483900139539,0.5529629974250132
65+,7,5,1,Female,0-2,0.0026399100150804526,361.6051036810905,0.9546049347119162
65+,7,6,1,Female,0-2,0.004158268101995827,464.84609664868185,1.9329546960314832
65+,7,7,1,Female,0-2,0.0026351255106298434,384.07481969322635,1.0120853553641782
